file	sha256	seconds	warmup	code	finished
baseline.2.csv	11d069f718f2ad603d5c8f36f5a3d87c1c16c3b2f4d32e8d4bfa01113bff87dd	120	60	-	2026-10-07T05:13:25+0300
baseline.3.csv	796d7af288a46d2a2d33a4990864746959dd3d5927aad8aece65df59050ac8d7	120	60	-	2026-10-07T05:16:28+0300
idle.1.csv	1edd625ee9609a5fb0aec1674aa13b6ca19ba868585c1e09b3ed135ef468c7a5	120	60	06a20c85fc2e	2026-10-07T05:19:39+0300
idle.2.csv	9f932fdce929aac88edbffade9b4268dbc924857649a096e04ee0929df39288f	120	60	06a20c85fc2e	2026-10-07T05:22:51+0300
idle.3.csv	8777c235dccfaa0763bd558a68e396d11ea9224b56f0f3874de8055a4f4d4687	120	60	06a20c85fc2e	2026-10-07T05:26:02+0300
idle-dot.1.csv	1a62f69c11ffcd1c9dd4c8e88901cfc489efbd01058fa02cef180aaec000050c	120	60	06a20c85fc2e	2026-10-07T05:29:13+0300
idle-dot.2.csv	cee19957dbd34757c803952c2236a82ca33e774309df068aac6ceb6800782902	120	60	06a20c85fc2e	2026-10-07T05:32:24+0300
idle-dot.3.csv	bf51347de69ff8b6b142784c551324d3fc785acfaaf6748df7fa5f888278a118	120	60	06a20c85fc2e	2026-10-07T05:35:35+0300
idle-no-cat.1.csv	b678c63c20ab2bb8d950b3b2aa1d2785008d4574d7be866e557b58c8f199c884	120	60	06a20c85fc2e	2026-10-07T05:38:46+0300
idle-no-cat.2.csv	153acb54662414dc59bf1cfa40c54d1d40f9bb30ef2721a2f175ae823186d3de	120	60	06a20c85fc2e	2026-10-07T05:41:58+0300
idle-no-cat.3.csv	c71627f7bb28298b0052347403c485213a667d2fe8beeb41cec7fe4395c54f0c	120	60	06a20c85fc2e	2026-10-07T05:45:09+0300
everything-off.1.csv	8272c567cf2dc57ca7ac4265995e1241c273070aa901997d2553a24f498ad100	120	60	06a20c85fc2e	2026-10-07T05:48:20+0300
everything-off.2.csv	9e17cb38fb66eb2aae0907eea41f69bc4c8e368af150b2c12a67124df0a85cdc	120	60	06a20c85fc2e	2026-10-07T05:51:31+0300
everything-off.3.csv	7d380e1ce0f9aeb4d08a09d90c999c6cd01645fb19847944cd787f6caa8c8dcc	120	60	06a20c85fc2e	2026-10-07T05:54:42+0300
cat-awake.1.csv	34fdccc07cb97490a6ef679179f5372b6fa82b2e0bccd451e00cc38424ba9859	120	60	06a20c85fc2e	2026-10-07T05:57:53+0300
cat-awake.2.csv	41ca9d487b05432e78db437457500242de1ae1d0c026c7b0ed0d8cb1f4a5e1fb	120	60	06a20c85fc2e	2026-10-07T13:53:32+0300
cat-awake.3.csv	f529d8f8a538e5539e178fb9fd4698e8758b2bea55490e4050fad9568e734dce	120	60	06a20c85fc2e	2026-10-07T13:56:44+0300
cat-still.1.csv	4a2f91658d0d3692cbf2215458532d76ee847b2d428ef729f695a311425e2fd0	120	60	06a20c85fc2e	2026-10-07T13:59:55+0300
startup.csv	8ac4bf70c0930564515293ce1d273181d41ed9c58190c5a3bd6d042e5dd33bd1	0	0	06a20c85fc2e	2026-10-07T05:05:33+0300
