label,t,process,pid,cpu_ms,cpu_pct,child_ms,rss_kb,pss_kb,threads,fds,wake,wake_inv,spawned,spawned_names,gpu_pct,gpu_mem_mb
cat-awake,1.0,plasmashell,2146801,10.0,1.0,0.0,290540,125389,8,67,365,14,0,,0.0,0.0
cat-awake,1.0,kwin_wayland,1748374,10.0,1.0,0.0,227004,0,3,-1,64,0,0,,0.0,0.0
cat-awake,1.0,ksystemstats,2146857,0.0,0.0,0.0,35080,6064,2,17,10,0,0,,,
cat-awake,2.0,plasmashell,2146801,40.0,4.0,0.0,290664,125516,8,67,881,15,0,,0.0,0.0
cat-awake,2.0,kwin_wayland,1748374,10.0,1.0,0.0,227004,0,3,-1,160,1,0,,0.0,0.0
cat-awake,2.0,ksystemstats,2146857,0.0,0.0,0.0,35080,6066,2,17,16,1,0,,,
cat-awake,3.0,plasmashell,2146801,20.0,2.0,0.0,290720,125565,8,67,490,7,0,,0.0,0.0
cat-awake,3.0,kwin_wayland,1748374,0.0,0.0,0.0,227004,0,3,-1,88,0,0,,0.0,0.0
cat-awake,3.0,ksystemstats,2146857,0.0,0.0,0.0,35080,6059,2,17,9,1,0,,,
cat-awake,4.0,plasmashell,2146801,10.0,1.0,0.0,290732,125577,8,67,85,2,0,,0.0,0.0
cat-awake,4.0,kwin_wayland,1748374,10.0,1.0,0.0,227004,0,3,-1,16,0,0,,0.0,0.0
cat-awake,4.0,ksystemstats,2146857,10.0,1.0,0.0,35080,6060,2,17,15,0,0,,,
cat-awake,5.0,plasmashell,2146801,0.0,0.0,0.0,290732,125574,8,67,8,1,0,,0.0,0.0
cat-awake,5.0,kwin_wayland,1748374,0.0,0.0,0.0,227004,0,3,-1,0,0,0,,0.0,0.0
cat-awake,5.0,ksystemstats,2146857,10.0,1.0,0.0,35080,6059,2,17,10,2,0,,,
cat-awake,6.0,plasmashell,2146801,10.0,1.0,0.0,290756,125111,8,67,106,4,0,,0.0,0.0
cat-awake,6.0,kwin_wayland,1748374,0.0,0.0,0.0,227004,0,3,-1,19,0,0,,0.0,0.0
cat-awake,6.0,ksystemstats,2146857,0.0,0.0,0.0,35080,6047,2,17,15,1,0,,,
cat-awake,7.0,plasmashell,2146801,20.0,2.0,0.0,290804,125157,8,67,441,7,0,,0.0,0.0
cat-awake,7.0,kwin_wayland,1748374,10.0,1.0,0.0,227004,0,3,-1,84,1,0,,0.0,0.0
cat-awake,7.0,ksystemstats,2146857,0.0,0.0,0.0,35080,6046,2,17,9,0,0,,,
cat-awake,8.0,plasmashell,2146801,0.0,0.0,0.0,290804,125053,8,67,7,0,0,,0.0,0.0
cat-awake,8.0,kwin_wayland,1748374,0.0,0.0,0.0,227004,0,3,-1,0,0,0,,0.0,0.0
cat-awake,8.0,ksystemstats,2146857,0.0,0.0,0.0,35080,6046,2,17,14,0,0,,,
cat-awake,9.0,plasmashell,2146801,0.0,0.0,0.0,290804,125031,8,67,8,0,0,,0.0,0.0
cat-awake,9.0,kwin_wayland,1748374,0.0,0.0,0.0,227004,0,3,-1,0,0,0,,0.0,0.0
cat-awake,9.0,ksystemstats,2146857,10.0,1.0,0.0,35080,6044,2,17,10,0,0,,,
cat-awake,10.0,plasmashell,2146801,20.0,2.0,0.0,290816,125059,8,67,92,0,0,,0.0,0.0
cat-awake,10.0,kwin_wayland,1748374,0.0,0.0,0.0,227004,0,3,-1,15,0,0,,0.0,0.0
cat-awake,10.0,ksystemstats,2146857,0.0,0.0,0.0,35080,6046,2,17,18,0,0,,,
cat-awake,11.0,plasmashell,2146801,0.0,0.0,0.0,290816,125059,8,67,7,0,0,,0.0,0.0
cat-awake,11.0,kwin_wayland,1748374,0.0,0.0,0.0,227004,0,3,-1,0,0,0,,0.0,0.0
cat-awake,11.0,ksystemstats,2146857,10.0,1.0,0.0,35080,6046,2,17,9,0,0,,,
cat-awake,12.0,plasmashell,2146801,0.0,0.0,0.0,290816,125059,8,67,7,1,0,,0.0,0.0
cat-awake,12.0,kwin_wayland,1748374,0.0,0.0,0.0,227004,0,3,-1,0,0,0,,0.0,0.0
cat-awake,12.0,ksystemstats,2146857,0.0,0.0,0.0,35080,6046,2,17,15,0,0,,,
cat-awake,13.0,plasmashell,2146801,0.0,0.0,0.0,290816,125026,8,67,8,0,0,,0.0,0.0
cat-awake,13.0,kwin_wayland,1748374,0.0,0.0,0.0,227004,0,3,-1,0,0,0,,0.0,0.0
cat-awake,13.0,ksystemstats,2146857,0.0,0.0,0.0,35080,6044,2,17,10,0,0,,,
cat-awake,14.0,plasmashell,2146801,0.0,0.0,0.0,290816,125059,8,67,9,2,0,,0.0,0.0
cat-awake,14.0,kwin_wayland,1748374,0.0,0.0,0.0,227004,0,3,-1,0,0,0,,0.0,0.0
cat-awake,14.0,ksystemstats,2146857,0.0,0.0,0.0,35080,6046,2,17,19,2,0,,,
cat-awake,15.0,plasmashell,2146801,20.0,2.0,0.0,290852,125094,8,67,312,9,0,,0.0,0.0
cat-awake,15.0,kwin_wayland,1748374,0.0,0.0,0.0,227004,0,3,-1,55,0,0,,0.0,0.0
cat-awake,15.0,ksystemstats,2146857,0.0,0.0,0.0,35080,6046,2,17,9,1,0,,,
cat-awake,16.0,plasmashell,2146801,20.0,2.0,0.0,290904,125146,8,67,336,5,0,,0.0,0.0
cat-awake,16.0,kwin_wayland,1748374,10.0,1.0,0.0,227004,0,3,-1,60,0,0,,0.0,0.0
cat-awake,16.0,ksystemstats,2146857,10.0,1.0,0.0,35080,6046,2,17,15,1,0,,,
cat-awake,17.0,plasmashell,2146801,0.0,0.0,0.0,290904,125113,8,67,8,0,0,,0.0,0.0
cat-awake,17.0,kwin_wayland,1748374,0.0,0.0,0.0,227004,0,3,-1,0,0,0,,0.0,0.0
cat-awake,17.0,ksystemstats,2146857,0.0,0.0,0.0,35080,6044,2,17,10,1,0,,,
cat-awake,18.0,plasmashell,2146801,10.0,1.0,0.0,290904,125146,8,67,9,0,0,,0.0,0.0
cat-awake,18.0,kwin_wayland,1748374,0.0,0.0,0.0,227004,0,3,-1,0,0,0,,0.0,0.0
cat-awake,18.0,ksystemstats,2146857,0.0,0.0,0.0,35080,6046,2,17,17,4,0,,,
cat-awake,19.0,plasmashell,2146801,10.0,1.0,0.0,290948,125800,8,67,299,2,0,,0.0,0.0
cat-awake,19.0,kwin_wayland,1748374,0.0,0.0,0.0,227004,0,3,-1,55,0,0,,0.0,0.0
cat-awake,19.0,ksystemstats,2146857,10.0,1.0,0.0,35080,6066,2,17,9,0,0,,,
cat-awake,20.0,plasmashell,2146801,0.0,0.0,0.0,290948,125800,8,67,7,0,0,,0.0,0.0
cat-awake,20.0,kwin_wayland,1748374,0.0,0.0,0.0,227004,0,3,-1,0,0,0,,0.0,0.0
cat-awake,20.0,ksystemstats,2146857,0.0,0.0,0.0,35080,6066,2,17,15,0,0,,,
cat-awake,21.0,plasmashell,2146801,0.0,0.0,0.0,290948,125761,8,67,8,0,0,,,
cat-awake,21.0,kwin_wayland,1748374,0.0,0.0,0.0,227004,0,3,-1,0,0,0,,,
cat-awake,21.0,ksystemstats,2146857,10.0,1.0,0.0,35080,6063,2,17,10,0,0,,,
cat-awake,22.0,plasmashell,2146801,20.0,2.0,0.0,290960,125812,8,67,91,0,0,,0.0,0.0
cat-awake,22.0,kwin_wayland,1748374,0.0,0.0,0.0,227004,0,3,-1,15,0,0,,0.0,0.0
cat-awake,22.0,ksystemstats,2146857,0.0,0.0,0.0,35080,6066,2,17,18,0,0,,,
cat-awake,23.0,plasmashell,2146801,0.0,0.0,0.0,290960,125812,8,67,7,0,0,,0.0,0.0
cat-awake,23.0,kwin_wayland,1748374,0.0,0.0,0.0,227004,0,3,-1,0,0,0,,0.0,0.0
cat-awake,23.0,ksystemstats,2146857,0.0,0.0,0.0,35080,6066,2,17,9,0,0,,,
cat-awake,24.0,plasmashell,2146801,0.0,0.0,0.0,290964,125815,8,67,24,1,0,,0.0,0.0
cat-awake,24.0,kwin_wayland,1748374,0.0,0.0,0.0,227004,0,3,-1,3,0,0,,0.0,0.0
cat-awake,24.0,ksystemstats,2146857,0.0,0.0,0.0,35080,6065,2,17,16,0,0,,,
cat-awake,25.0,plasmashell,2146801,10.0,1.0,0.0,290964,125777,8,67,8,0,0,,0.0,0.0
cat-awake,25.0,kwin_wayland,1748374,0.0,0.0,0.0,227004,0,3,-1,0,0,0,,0.0,0.0
cat-awake,25.0,ksystemstats,2146857,0.0,0.0,0.0,35080,6064,2,17,10,0,0,,,
cat-awake,26.0,plasmashell,2146801,0.0,0.0,0.0,290964,125816,8,67,9,0,0,,0.0,0.0
cat-awake,26.0,kwin_wayland,1748374,0.0,0.0,0.0,227004,0,3,-1,0,0,0,,0.0,0.0
cat-awake,26.0,ksystemstats,2146857,10.0,1.0,0.0,35084,6070,2,17,18,1,0,,,
cat-awake,27.0,plasmashell,2146801,10.0,1.0,0.0,290976,125828,8,67,89,3,0,,0.0,0.0
cat-awake,27.0,kwin_wayland,1748374,10.0,1.0,0.0,227004,0,3,-1,15,0,0,,0.0,0.0
cat-awake,27.0,ksystemstats,2146857,0.0,0.0,0.0,35084,6070,2,17,9,0,0,,,
cat-awake,28.0,plasmashell,2146801,0.0,0.0,0.0,290980,125832,8,67,8,2,0,,0.0,0.0
cat-awake,28.0,kwin_wayland,1748374,0.0,0.0,0.0,227004,0,3,-1,0,0,0,,0.0,0.0
cat-awake,28.0,ksystemstats,2146857,10.0,1.0,0.0,35084,6070,2,17,14,0,0,,,
cat-awake,29.0,plasmashell,2146801,10.0,1.0,0.0,291012,125825,8,67,244,6,0,,0.0,0.0
cat-awake,29.0,kwin_wayland,1748374,10.0,1.0,0.0,227004,0,3,-1,43,0,0,,0.0,0.0
cat-awake,29.0,ksystemstats,2146857,0.0,0.0,0.0,35084,6068,2,17,10,0,0,,,
cat-awake,30.0,plasmashell,2146801,30.0,3.0,0.0,291064,125916,8,67,435,12,0,,0.0,0.0
cat-awake,30.0,kwin_wayland,1748374,0.0,0.0,0.0,227004,0,3,-1,79,0,0,,0.0,0.0
cat-awake,30.0,ksystemstats,2146857,0.0,0.0,0.0,35084,6070,2,17,17,0,0,,,
cat-awake,31.0,plasmashell,2146801,0.0,0.0,0.0,291080,125932,8,67,96,5,0,,0.0,0.0
cat-awake,31.0,kwin_wayland,1748374,0.0,0.0,0.0,227004,0,3,-1,16,0,0,,0.0,0.0
cat-awake,31.0,ksystemstats,2146857,0.0,0.0,0.0,35084,6070,2,17,9,0,0,,,
cat-awake,32.0,plasmashell,2146801,20.0,2.0,0.0,291104,125956,8,67,276,6,0,,0.0,0.0
cat-awake,32.0,kwin_wayland,1748374,10.0,1.0,0.0,227004,0,3,-1,48,0,0,,0.0,0.0
cat-awake,32.0,ksystemstats,2146857,0.0,0.0,0.0,35084,6070,2,17,15,0,0,,,
cat-awake,33.0,plasmashell,2146801,0.0,0.0,0.0,291104,125917,8,67,8,1,0,,0.0,0.0
cat-awake,33.0,kwin_wayland,1748374,0.0,0.0,0.0,227004,0,3,-1,0,0,0,,0.0,0.0
cat-awake,33.0,ksystemstats,2146857,10.0,1.0,0.0,35084,6068,2,17,10,0,0,,,
cat-awake,34.0,plasmashell,2146801,0.0,0.0,0.0,291104,125956,8,67,9,0,0,,0.0,0.0
cat-awake,34.0,kwin_wayland,1748374,0.0,0.0,0.0,227004,0,3,-1,0,0,0,,0.0,0.0
cat-awake,34.0,ksystemstats,2146857,10.0,1.0,0.0,35084,6070,2,17,14,2,0,,,
cat-awake,35.0,plasmashell,2146801,0.0,0.0,0.0,291104,125956,8,67,7,0,0,,0.0,0.0
cat-awake,35.0,kwin_wayland,1748374,0.0,0.0,0.0,227004,0,3,-1,0,0,0,,0.0,0.0
cat-awake,35.0,ksystemstats,2146857,0.0,0.0,0.0,35084,6070,2,17,9,1,0,,,
cat-awake,36.0,plasmashell,2146801,10.0,1.0,0.0,291116,125968,8,67,77,1,0,,0.0,0.0
cat-awake,36.0,kwin_wayland,1748374,0.0,0.0,0.0,227004,0,3,-1,13,0,0,,0.0,0.0
cat-awake,36.0,ksystemstats,2146857,0.0,0.0,0.0,35084,6070,2,17,15,0,0,,,
cat-awake,37.0,plasmashell,2146801,10.0,1.0,0.0,291116,125929,8,67,6,3,0,,0.0,0.0
cat-awake,37.0,kwin_wayland,1748374,0.0,0.0,0.0,227004,0,3,-1,0,0,0,,0.0,0.0
cat-awake,37.0,ksystemstats,2146857,0.0,0.0,0.0,35084,6067,2,17,10,0,0,,,
cat-awake,38.0,plasmashell,2146801,10.0,1.0,0.0,291144,125995,8,67,161,1,0,,0.0,0.0
cat-awake,38.0,kwin_wayland,1748374,0.0,0.0,0.0,227004,0,3,-1,28,1,0,,0.0,0.0
cat-awake,38.0,ksystemstats,2146857,0.0,0.0,0.0,35084,6070,2,17,17,0,0,,,
cat-awake,39.0,plasmashell,2146801,20.0,2.0,0.0,291192,126042,8,67,497,6,0,,0.0,0.0
cat-awake,39.0,kwin_wayland,1748374,10.0,1.0,0.0,227004,0,3,-1,90,0,0,,0.0,0.0
cat-awake,39.0,ksystemstats,2146857,10.0,1.0,0.0,35084,6069,2,17,9,0,0,,,
cat-awake,40.0,plasmashell,2146801,0.0,0.0,0.0,291192,126043,8,67,7,1,0,,0.0,0.0
cat-awake,40.0,kwin_wayland,1748374,0.0,0.0,0.0,227004,0,3,-1,0,0,0,,0.0,0.0
cat-awake,40.0,ksystemstats,2146857,10.0,1.0,0.0,35084,6070,2,17,17,1,0,,,
cat-awake,41.0,plasmashell,2146801,10.0,1.0,0.0,290032,124845,8,67,90,7,0,,0.0,0.0
cat-awake,41.0,kwin_wayland,1748374,0.0,0.0,0.0,227004,0,3,-1,15,0,0,,0.0,0.0
cat-awake,41.0,ksystemstats,2146857,0.0,0.0,0.0,35084,6067,2,17,9,0,0,,,
cat-awake,42.0,plasmashell,2146801,10.0,1.0,0.0,290032,124883,8,67,9,0,0,,0.0,0.0
cat-awake,42.0,kwin_wayland,1748374,0.0,0.0,0.0,227004,0,3,-1,0,0,0,,0.0,0.0
cat-awake,42.0,ksystemstats,2146857,0.0,0.0,0.0,35084,6069,2,17,16,0,0,,,
cat-awake,43.0,plasmashell,2146801,10.0,1.0,0.0,290040,124891,8,67,356,3,0,,,
cat-awake,43.0,kwin_wayland,1748374,0.0,0.0,0.0,227004,0,3,-1,64,0,0,,,
cat-awake,43.0,ksystemstats,2146857,0.0,0.0,0.0,35084,6070,2,17,9,3,0,,,
cat-awake,44.0,plasmashell,2146801,0.0,0.0,0.0,290040,124891,8,67,7,0,0,,0.0,0.0
cat-awake,44.0,kwin_wayland,1748374,0.0,0.0,0.0,227004,0,3,-1,0,0,0,,0.0,0.0
cat-awake,44.0,ksystemstats,2146857,0.0,0.0,0.0,35084,6070,2,17,14,1,0,,,
cat-awake,45.0,plasmashell,2146801,0.0,0.0,0.0,290040,124891,8,67,8,0,0,,0.0,0.0
cat-awake,45.0,kwin_wayland,1748374,0.0,0.0,0.0,227004,0,3,-1,0,0,0,,0.0,0.0
cat-awake,45.0,ksystemstats,2146857,10.0,1.0,0.0,35084,6070,2,17,11,0,0,,,
cat-awake,46.0,plasmashell,2146801,20.0,2.0,0.0,290060,124911,8,67,261,1,0,,0.0,0.0
cat-awake,46.0,kwin_wayland,1748374,10.0,1.0,0.0,227004,0,3,-1,47,0,0,,0.0,0.0
cat-awake,46.0,ksystemstats,2146857,0.0,0.0,0.0,35084,6069,2,17,16,0,0,,,
cat-awake,47.0,plasmashell,2146801,20.0,2.0,0.0,290064,124915,8,67,490,0,0,,0.0,0.0
cat-awake,47.0,kwin_wayland,1748374,10.0,1.0,0.0,227004,0,3,-1,88,0,0,,0.0,0.0
cat-awake,47.0,ksystemstats,2146857,0.0,0.0,0.0,35084,6070,2,17,9,1,0,,,
cat-awake,48.0,plasmashell,2146801,0.0,0.0,0.0,290064,124915,8,67,7,0,0,,0.0,0.0
cat-awake,48.0,kwin_wayland,1748374,0.0,0.0,0.0,227004,0,3,-1,0,0,0,,0.0,0.0
cat-awake,48.0,ksystemstats,2146857,0.0,0.0,0.0,35084,6070,2,17,13,0,0,,,
cat-awake,49.0,plasmashell,2146801,0.0,0.0,0.0,290064,124915,8,67,10,1,0,,0.0,0.0
cat-awake,49.0,kwin_wayland,1748374,0.0,0.0,0.0,227004,0,3,-1,0,0,0,,0.0,0.0
cat-awake,49.0,ksystemstats,2146857,10.0,1.0,0.0,35084,6070,2,17,12,1,0,,,
cat-awake,50.0,plasmashell,2146801,0.0,0.0,0.0,290064,124915,8,67,7,0,0,,0.0,0.0
cat-awake,50.0,kwin_wayland,1748374,0.0,0.0,0.0,227004,0,3,-1,0,0,0,,0.0,0.0
cat-awake,50.0,ksystemstats,2146857,0.0,0.0,0.0,35084,6070,2,17,12,0,0,,,
cat-awake,51.0,plasmashell,2146801,0.0,0.0,0.0,290064,124915,8,67,7,0,0,,0.0,0.0
cat-awake,51.0,kwin_wayland,1748374,0.0,0.0,0.0,227004,0,3,-1,0,0,0,,0.0,0.0
cat-awake,51.0,ksystemstats,2146857,0.0,0.0,0.0,35084,6070,2,17,9,0,0,,,
cat-awake,52.0,plasmashell,2146801,20.0,2.0,0.0,290064,124913,8,67,83,2,0,,0.0,0.0
cat-awake,52.0,kwin_wayland,1748374,0.0,0.0,0.0,227004,0,3,-1,15,0,0,,0.0,0.0
cat-awake,52.0,ksystemstats,2146857,10.0,1.0,0.0,35084,6070,2,17,13,0,0,,,
cat-awake,53.0,plasmashell,2146801,10.0,1.0,0.0,290068,124919,8,67,356,1,0,,0.0,0.0
cat-awake,53.0,kwin_wayland,1748374,0.0,0.0,0.0,227004,0,3,-1,64,0,0,,0.0,0.0
cat-awake,53.0,ksystemstats,2146857,0.0,0.0,0.0,35084,6070,2,17,12,2,0,,,
cat-awake,54.0,plasmashell,2146801,0.0,0.0,0.0,290068,124919,8,67,7,0,0,,0.0,0.0
cat-awake,54.0,kwin_wayland,1748374,0.0,0.0,0.0,227004,0,3,-1,0,0,0,,0.0,0.0
cat-awake,54.0,ksystemstats,2146857,10.0,1.0,0.0,35084,6069,2,17,15,0,0,,,
cat-awake,55.0,plasmashell,2146801,10.0,1.0,0.0,290068,124919,8,67,7,1,0,,0.0,0.0
cat-awake,55.0,kwin_wayland,1748374,0.0,0.0,0.0,227004,0,3,-1,0,0,0,,0.0,0.0
cat-awake,55.0,ksystemstats,2146857,0.0,0.0,0.0,35084,6070,2,17,9,0,0,,,
cat-awake,56.0,plasmashell,2146801,0.0,0.0,0.0,290068,124919,8,67,197,1,0,,0.0,0.0
cat-awake,56.0,kwin_wayland,1748374,10.0,1.0,0.0,227004,0,3,-1,36,0,0,,0.0,0.0
cat-awake,56.0,ksystemstats,2146857,0.0,0.0,0.0,35084,6070,2,17,12,1,0,,,
cat-awake,57.0,plasmashell,2146801,30.0,3.0,0.0,290080,124931,8,67,451,2,0,,0.0,0.0
cat-awake,57.0,kwin_wayland,1748374,0.0,0.0,0.0,227004,0,3,-1,79,0,0,,0.0,0.0
cat-awake,57.0,ksystemstats,2146857,0.0,0.0,0.0,35084,6070,2,17,12,0,0,,,
cat-awake,58.0,plasmashell,2146801,0.0,0.0,0.0,290080,124931,8,67,8,0,0,,0.0,0.0
cat-awake,58.0,kwin_wayland,1748374,0.0,0.0,0.0,227004,0,3,-1,0,0,0,,0.0,0.0
cat-awake,58.0,ksystemstats,2146857,0.0,0.0,0.0,35084,6070,2,17,16,0,0,,,
cat-awake,59.0,plasmashell,2146801,0.0,0.0,0.0,290080,124931,8,67,7,0,0,,0.0,0.0
cat-awake,59.0,kwin_wayland,1748374,0.0,0.0,0.0,227004,0,3,-1,0,0,0,,0.0,0.0
cat-awake,59.0,ksystemstats,2146857,10.0,1.0,0.0,35084,6070,2,17,9,0,0,,,
cat-awake,60.0,plasmashell,2146801,0.0,0.0,0.0,290080,124931,8,67,7,0,0,,0.0,0.0
cat-awake,60.0,kwin_wayland,1748374,0.0,0.0,0.0,227004,0,3,-1,0,0,0,,0.0,0.0
cat-awake,60.0,ksystemstats,2146857,10.0,1.0,0.0,35084,6069,2,17,13,0,0,,,
cat-awake,61.0,plasmashell,2146801,20.0,2.0,0.0,290080,124931,8,67,10,0,0,,0.0,0.0
cat-awake,61.0,kwin_wayland,1748374,0.0,0.0,0.0,227004,0,3,-1,0,0,0,,0.0,0.0
cat-awake,61.0,ksystemstats,2146857,0.0,0.0,0.0,35084,6069,2,17,12,0,0,,,
cat-awake,62.0,plasmashell,2146801,0.0,0.0,0.0,290080,124931,8,67,46,0,0,,0.0,0.0
cat-awake,62.0,kwin_wayland,1748374,0.0,0.0,0.0,227004,0,3,-1,7,0,0,,0.0,0.0
cat-awake,62.0,ksystemstats,2146857,0.0,0.0,0.0,35084,6070,2,17,11,0,0,,,
cat-awake,63.0,plasmashell,2146801,0.0,0.0,0.0,290080,124931,8,67,52,0,0,,0.0,0.0
cat-awake,63.0,kwin_wayland,1748374,0.0,0.0,0.0,227004,0,3,-1,8,0,0,,0.0,0.0
cat-awake,63.0,ksystemstats,2146857,0.0,0.0,0.0,35084,6069,2,17,9,0,0,,,
cat-awake,64.0,plasmashell,2146801,10.0,1.0,0.0,290080,124930,8,67,8,0,0,,0.0,0.0
cat-awake,64.0,kwin_wayland,1748374,0.0,0.0,0.0,227004,0,3,-1,0,0,0,,0.0,0.0
cat-awake,64.0,ksystemstats,2146857,0.0,0.0,0.0,35084,6068,2,17,16,0,0,,,
cat-awake,65.0,plasmashell,2146801,0.0,0.0,0.0,290080,124931,8,67,9,0,0,,0.0,0.0
cat-awake,65.0,kwin_wayland,1748374,0.0,0.0,0.0,227004,0,3,-1,0,0,0,,0.0,0.0
cat-awake,65.0,ksystemstats,2146857,10.0,1.0,0.0,35084,6069,2,17,11,0,0,,,
cat-awake,66.0,plasmashell,2146801,10.0,1.0,0.0,290080,124931,8,67,521,2,0,,0.0,0.0
cat-awake,66.0,kwin_wayland,1748374,10.0,1.0,0.0,227004,0,3,-1,95,1,0,,0.0,0.0
cat-awake,66.0,ksystemstats,2146857,0.0,0.0,0.0,35084,6070,2,17,16,0,0,,,
cat-awake,67.0,plasmashell,2146801,20.0,2.0,0.0,290084,124935,8,67,141,0,0,,0.0,0.0
cat-awake,67.0,kwin_wayland,1748374,0.0,0.0,0.0,227004,0,3,-1,24,0,0,,0.0,0.0
cat-awake,67.0,ksystemstats,2146857,10.0,1.0,0.0,35084,6069,2,17,9,0,0,,,
cat-awake,68.0,plasmashell,2146801,0.0,0.0,0.0,290084,124897,8,67,8,0,0,,,
cat-awake,68.0,kwin_wayland,1748374,0.0,0.0,0.0,227004,0,3,-1,0,0,0,,,
cat-awake,68.0,ksystemstats,2146857,0.0,0.0,0.0,35084,6067,2,17,14,0,0,,,
cat-awake,69.0,plasmashell,2146801,0.0,0.0,0.0,290084,124935,8,67,9,0,0,,0.0,0.0
cat-awake,69.0,kwin_wayland,1748374,0.0,0.0,0.0,227004,0,3,-1,0,0,0,,0.0,0.0
cat-awake,69.0,ksystemstats,2146857,0.0,0.0,0.0,35084,6070,2,17,11,2,0,,,
cat-awake,70.0,plasmashell,2146801,10.0,1.0,0.0,290088,124939,8,67,89,1,0,,0.0,0.0
cat-awake,70.0,kwin_wayland,1748374,0.0,0.0,0.0,227004,0,3,-1,15,0,0,,0.0,0.0
cat-awake,70.0,ksystemstats,2146857,0.0,0.0,0.0,35084,6070,2,17,15,0,0,,,
cat-awake,71.0,plasmashell,2146801,0.0,0.0,0.0,290088,124939,8,67,7,0,0,,0.0,0.0
cat-awake,71.0,kwin_wayland,1748374,0.0,0.0,0.0,227004,0,3,-1,0,0,0,,0.0,0.0
cat-awake,71.0,ksystemstats,2146857,0.0,0.0,0.0,35084,6070,2,17,9,0,0,,,
cat-awake,72.0,plasmashell,2146801,0.0,0.0,0.0,290088,124939,8,67,9,0,0,,0.0,0.0
cat-awake,72.0,kwin_wayland,1748374,0.0,0.0,0.0,227004,0,3,-1,0,0,0,,0.0,0.0
cat-awake,72.0,ksystemstats,2146857,0.0,0.0,0.0,35084,6070,2,17,16,2,0,,,
cat-awake,73.0,plasmashell,2146801,10.0,1.0,0.0,290088,124939,8,67,8,1,0,,0.0,0.0
cat-awake,73.0,kwin_wayland,1748374,0.0,0.0,0.0,227004,0,3,-1,0,0,0,,0.0,0.0
cat-awake,73.0,ksystemstats,2146857,10.0,1.0,0.0,35084,6070,2,17,9,0,0,,,
cat-awake,74.0,plasmashell,2146801,10.0,1.0,0.0,290088,124941,8,67,220,9,0,,0.0,0.0
cat-awake,74.0,kwin_wayland,1748374,0.0,0.0,0.0,227004,0,3,-1,39,0,0,,0.0,0.0
cat-awake,74.0,ksystemstats,2146857,10.0,1.0,0.0,35084,6070,2,17,13,1,0,,,
cat-awake,75.0,plasmashell,2146801,10.0,1.0,0.0,290088,124941,8,67,226,0,0,,0.0,0.0
cat-awake,75.0,kwin_wayland,1748374,10.0,1.0,0.0,227004,0,3,-1,40,0,0,,0.0,0.0
cat-awake,75.0,ksystemstats,2146857,0.0,0.0,0.0,35084,6070,2,17,9,0,0,,,
cat-awake,76.0,plasmashell,2146801,0.0,0.0,0.0,290088,124941,8,67,11,0,0,,0.0,0.0
cat-awake,76.0,kwin_wayland,1748374,0.0,0.0,0.0,227004,0,3,-1,0,0,0,,0.0,0.0
cat-awake,76.0,ksystemstats,2146857,0.0,0.0,0.0,35084,6070,2,17,15,0,0,,,
cat-awake,77.0,plasmashell,2146801,10.0,1.0,0.0,290088,124941,8,67,123,4,0,,0.0,0.0
cat-awake,77.0,kwin_wayland,1748374,0.0,0.0,0.0,227004,0,3,-1,21,0,0,,0.0,0.0
cat-awake,77.0,ksystemstats,2146857,0.0,0.0,0.0,35084,6070,2,17,9,0,0,,,
cat-awake,78.0,plasmashell,2146801,20.0,2.0,0.0,290092,124945,8,67,536,5,0,,0.0,0.0
cat-awake,78.0,kwin_wayland,1748374,0.0,0.0,0.0,227004,0,3,-1,98,0,0,,0.0,0.0
cat-awake,78.0,ksystemstats,2146857,0.0,0.0,0.0,35084,6070,2,17,14,0,0,,,
cat-awake,79.0,plasmashell,2146801,10.0,1.0,0.0,290092,124945,8,67,7,0,0,,0.0,0.0
cat-awake,79.0,kwin_wayland,1748374,0.0,0.0,0.0,227004,0,3,-1,0,0,0,,0.0,0.0
cat-awake,79.0,ksystemstats,2146857,10.0,1.0,0.0,35084,6069,2,17,9,3,0,,,
cat-awake,80.0,plasmashell,2146801,0.0,0.0,0.0,290092,124945,8,67,10,0,0,,0.0,0.0
cat-awake,80.0,kwin_wayland,1748374,0.0,0.0,0.0,227004,0,3,-1,0,0,0,,0.0,0.0
cat-awake,80.0,ksystemstats,2146857,0.0,0.0,0.0,35084,6070,2,17,15,0,0,,,
cat-awake,81.0,plasmashell,2146801,0.0,0.0,0.0,290092,124944,8,67,7,0,0,,0.0,0.0
cat-awake,81.0,kwin_wayland,1748374,0.0,0.0,0.0,227004,0,3,-1,0,0,0,,0.0,0.0
cat-awake,81.0,ksystemstats,2146857,10.0,1.0,0.0,35084,6069,2,17,9,0,0,,,
cat-awake,82.0,plasmashell,2146801,0.0,0.0,0.0,290092,124945,8,67,88,1,0,,0.0,0.0
cat-awake,82.0,kwin_wayland,1748374,0.0,0.0,0.0,227004,0,3,-1,15,0,0,,0.0,0.0
cat-awake,82.0,ksystemstats,2146857,0.0,0.0,0.0,35084,6070,2,17,15,0,0,,,
cat-awake,83.0,plasmashell,2146801,0.0,0.0,0.0,290092,124945,8,67,7,0,0,,0.0,0.0
cat-awake,83.0,kwin_wayland,1748374,0.0,0.0,0.0,227004,0,3,-1,0,0,0,,0.0,0.0
cat-awake,83.0,ksystemstats,2146857,0.0,0.0,0.0,35084,6070,2,17,9,0,0,,,
cat-awake,84.0,plasmashell,2146801,30.0,3.0,0.0,290100,124953,8,67,507,8,0,,0.0,0.0
cat-awake,84.0,kwin_wayland,1748374,10.0,1.0,0.0,227004,0,3,-1,91,0,0,,0.0,0.0
cat-awake,84.0,ksystemstats,2146857,0.0,0.0,0.0,35084,6070,2,17,19,0,0,,,
cat-awake,85.0,plasmashell,2146801,10.0,1.0,0.0,290100,124953,8,67,138,3,0,,0.0,0.0
cat-awake,85.0,kwin_wayland,1748374,0.0,0.0,0.0,227004,0,3,-1,24,0,0,,0.0,0.0
cat-awake,85.0,ksystemstats,2146857,0.0,0.0,0.0,35084,6070,2,17,9,0,0,,,
cat-awake,86.0,plasmashell,2146801,0.0,0.0,0.0,290100,124953,8,67,7,0,0,,0.0,0.0
cat-awake,86.0,kwin_wayland,1748374,0.0,0.0,0.0,227004,0,3,-1,0,0,0,,0.0,0.0
cat-awake,86.0,ksystemstats,2146857,10.0,1.0,0.0,35084,6070,2,17,16,0,0,,,
cat-awake,87.0,plasmashell,2146801,0.0,0.0,0.0,290100,124952,8,67,8,0,0,,0.0,0.0
cat-awake,87.0,kwin_wayland,1748374,0.0,0.0,0.0,227004,0,3,-1,0,0,0,,0.0,0.0
cat-awake,87.0,ksystemstats,2146857,10.0,1.0,0.0,35084,6069,2,17,10,1,0,,,
cat-awake,88.0,plasmashell,2146801,10.0,1.0,0.0,290100,124953,8,67,11,5,0,,0.0,0.0
cat-awake,88.0,kwin_wayland,1748374,0.0,0.0,0.0,227004,0,3,-1,0,0,0,,0.0,0.0
cat-awake,88.0,ksystemstats,2146857,0.0,0.0,0.0,35084,6069,2,17,16,0,0,,,
cat-awake,89.0,plasmashell,2146801,10.0,1.0,0.0,290104,124957,8,67,396,6,0,,0.0,0.0
cat-awake,89.0,kwin_wayland,1748374,10.0,1.0,0.0,227004,0,3,-1,71,0,0,,0.0,0.0
cat-awake,89.0,ksystemstats,2146857,0.0,0.0,0.0,35084,6069,2,17,9,0,0,,,
cat-awake,90.0,plasmashell,2146801,20.0,2.0,0.0,290104,124956,8,67,357,6,0,,0.0,0.0
cat-awake,90.0,kwin_wayland,1748374,0.0,0.0,0.0,227004,0,3,-1,64,0,0,,0.0,0.0
cat-awake,90.0,ksystemstats,2146857,0.0,0.0,0.0,35084,6069,2,17,16,0,0,,,
cat-awake,91.0,plasmashell,2146801,20.0,2.0,0.0,290104,124924,8,67,360,2,0,,1.0,0.0
cat-awake,91.0,kwin_wayland,1748374,10.0,1.0,0.0,227004,0,3,-1,64,0,0,,0.0,0.0
cat-awake,91.0,ksystemstats,2146857,0.0,0.0,0.0,35084,6067,2,17,10,0,0,,,
cat-awake,92.0,plasmashell,2146801,0.0,0.0,0.0,290104,124957,8,67,9,0,0,,,
cat-awake,92.0,kwin_wayland,1748374,0.0,0.0,0.0,227004,0,3,-1,0,0,0,,,
cat-awake,92.0,ksystemstats,2146857,0.0,0.0,0.0,35084,6070,2,17,17,0,0,,,
cat-awake,93.0,plasmashell,2146801,0.0,0.0,0.0,290104,124957,8,67,7,0,0,,1.0,0.0
cat-awake,93.0,kwin_wayland,1748374,0.0,0.0,0.0,227004,0,3,-1,0,0,0,,0.0,0.0
cat-awake,93.0,ksystemstats,2146857,10.0,1.0,0.0,35084,6070,2,17,9,0,0,,,
cat-awake,94.0,plasmashell,2146801,10.0,1.0,0.0,290104,124957,8,67,7,0,0,,0.0,0.0
cat-awake,94.0,kwin_wayland,1748374,0.0,0.0,0.0,227004,0,3,-1,0,0,0,,0.0,0.0
cat-awake,94.0,ksystemstats,2146857,10.0,1.0,0.0,35084,6070,2,17,14,0,0,,,
cat-awake,95.0,plasmashell,2146801,0.0,0.0,0.0,290108,124921,8,67,90,3,0,,0.0,0.0
cat-awake,95.0,kwin_wayland,1748374,10.0,1.0,0.0,227004,0,3,-1,15,0,0,,0.0,0.0
cat-awake,95.0,ksystemstats,2146857,0.0,0.0,0.0,35084,6067,2,17,10,2,0,,,
cat-awake,96.0,plasmashell,2146801,0.0,0.0,0.0,290108,124959,8,67,9,0,0,,0.0,0.0
cat-awake,96.0,kwin_wayland,1748374,0.0,0.0,0.0,227004,0,3,-1,0,0,0,,0.0,0.0
cat-awake,96.0,ksystemstats,2146857,0.0,0.0,0.0,35084,6070,2,17,16,0,0,,,
cat-awake,97.0,plasmashell,2146801,10.0,1.0,0.0,290108,124959,8,67,7,1,0,,0.0,0.0
cat-awake,97.0,kwin_wayland,1748374,0.0,0.0,0.0,227004,0,3,-1,0,0,0,,0.0,0.0
cat-awake,97.0,ksystemstats,2146857,0.0,0.0,0.0,35084,6069,2,17,9,1,0,,,
cat-awake,98.0,plasmashell,2146801,0.0,0.0,0.0,290108,124959,8,67,7,0,0,,0.0,0.0
cat-awake,98.0,kwin_wayland,1748374,0.0,0.0,0.0,227004,0,3,-1,0,0,0,,0.0,0.0
cat-awake,98.0,ksystemstats,2146857,0.0,0.0,0.0,35084,6070,2,17,12,1,0,,,
cat-awake,99.0,plasmashell,2146801,20.0,2.0,0.0,290108,124959,8,67,181,2,0,,0.0,0.0
cat-awake,99.0,kwin_wayland,1748374,0.0,0.0,0.0,227004,0,3,-1,31,0,0,,0.0,0.0
cat-awake,99.0,ksystemstats,2146857,10.0,1.0,0.0,35084,6070,2,17,12,1,0,,,
cat-awake,100.0,plasmashell,2146801,10.0,1.0,0.0,290108,124958,8,67,267,7,0,,0.0,0.0
cat-awake,100.0,kwin_wayland,1748374,0.0,0.0,0.0,227004,0,3,-1,48,0,0,,0.0,0.0
cat-awake,100.0,ksystemstats,2146857,0.0,0.0,0.0,35084,6070,2,17,16,0,0,,,
cat-awake,101.0,plasmashell,2146801,0.0,0.0,0.0,290108,124959,8,67,7,0,0,,0.0,0.0
cat-awake,101.0,kwin_wayland,1748374,0.0,0.0,0.0,227004,0,3,-1,0,0,0,,0.0,0.0
cat-awake,101.0,ksystemstats,2146857,0.0,0.0,0.0,35084,6070,2,17,9,1,0,,,
cat-awake,102.0,plasmashell,2146801,0.0,0.0,0.0,290108,124959,8,67,7,0,0,,0.0,0.0
cat-awake,102.0,kwin_wayland,1748374,0.0,0.0,0.0,227004,0,3,-1,0,0,0,,0.0,0.0
cat-awake,102.0,ksystemstats,2146857,10.0,1.0,0.0,35084,6070,2,17,16,0,0,,,
cat-awake,103.0,plasmashell,2146801,0.0,0.0,0.0,290108,124959,8,67,10,1,0,,0.0,0.0
cat-awake,103.0,kwin_wayland,1748374,0.0,0.0,0.0,227004,0,3,-1,0,0,0,,0.0,0.0
cat-awake,103.0,ksystemstats,2146857,0.0,0.0,0.0,35084,6070,2,17,12,0,0,,,
cat-awake,104.0,plasmashell,2146801,30.0,3.0,0.0,290116,124967,8,67,438,6,0,,0.0,0.0
cat-awake,104.0,kwin_wayland,1748374,10.0,1.0,0.0,227004,0,3,-1,79,0,0,,0.0,0.0
cat-awake,104.0,ksystemstats,2146857,10.0,1.0,0.0,35084,6070,2,17,13,0,0,,,
cat-awake,105.0,plasmashell,2146801,10.0,1.0,0.0,290124,124975,8,67,267,5,0,,0.0,0.0
cat-awake,105.0,kwin_wayland,1748374,0.0,0.0,0.0,227004,0,3,-1,48,0,0,,0.0,0.0
cat-awake,105.0,ksystemstats,2146857,0.0,0.0,0.0,35084,6070,2,17,9,0,0,,,
cat-awake,106.0,plasmashell,2146801,0.0,0.0,0.0,290124,124975,8,67,10,0,0,,0.0,0.0
cat-awake,106.0,kwin_wayland,1748374,0.0,0.0,0.0,227004,0,3,-1,0,0,0,,0.0,0.0
cat-awake,106.0,ksystemstats,2146857,0.0,0.0,0.0,35084,6070,2,17,16,1,0,,,
cat-awake,107.0,plasmashell,2146801,0.0,0.0,0.0,290124,124975,8,67,7,0,0,,0.0,0.0
cat-awake,107.0,kwin_wayland,1748374,0.0,0.0,0.0,227004,0,3,-1,0,0,0,,0.0,0.0
cat-awake,107.0,ksystemstats,2146857,0.0,0.0,0.0,35084,6070,2,17,9,0,0,,,
cat-awake,108.0,plasmashell,2146801,0.0,0.0,0.0,290124,124975,8,67,7,0,0,,0.0,0.0
cat-awake,108.0,kwin_wayland,1748374,0.0,0.0,0.0,227004,0,3,-1,0,0,0,,0.0,0.0
cat-awake,108.0,ksystemstats,2146857,0.0,0.0,0.0,35084,6070,2,17,14,1,0,,,
cat-awake,109.0,plasmashell,2146801,10.0,1.0,0.0,290124,124974,8,67,10,1,0,,0.0,0.0
cat-awake,109.0,kwin_wayland,1748374,0.0,0.0,0.0,227004,0,3,-1,0,0,0,,0.0,0.0
cat-awake,109.0,ksystemstats,2146857,10.0,1.0,0.0,35084,6069,2,17,12,1,0,,,
cat-awake,110.0,plasmashell,2146801,10.0,1.0,0.0,290124,124975,8,67,7,0,0,,0.0,0.0
cat-awake,110.0,kwin_wayland,1748374,0.0,0.0,0.0,227004,0,3,-1,0,0,0,,0.0,0.0
cat-awake,110.0,ksystemstats,2146857,10.0,1.0,0.0,35084,6070,2,17,14,0,0,,,
cat-awake,111.0,plasmashell,2146801,0.0,0.0,0.0,290124,124975,8,67,84,0,0,,0.0,0.0
cat-awake,111.0,kwin_wayland,1748374,0.0,0.0,0.0,227004,0,3,-1,12,0,0,,0.0,0.0
cat-awake,111.0,ksystemstats,2146857,0.0,0.0,0.0,35084,6070,2,17,9,0,0,,,
cat-awake,112.0,plasmashell,2146801,0.0,0.0,0.0,290124,124975,8,67,7,0,0,,0.0,0.0
cat-awake,112.0,kwin_wayland,1748374,0.0,0.0,0.0,227004,0,3,-1,0,0,0,,0.0,0.0
cat-awake,112.0,ksystemstats,2146857,0.0,0.0,0.0,35084,6070,2,17,17,1,0,,,
cat-awake,113.0,plasmashell,2146801,20.0,2.0,0.0,290124,124975,8,67,195,0,0,,0.0,0.0
cat-awake,113.0,kwin_wayland,1748374,0.0,0.0,0.0,227004,0,3,-1,33,1,0,,0.0,0.0
cat-awake,113.0,ksystemstats,2146857,0.0,0.0,0.0,35084,6070,2,17,12,0,0,,,
cat-awake,114.0,plasmashell,2146801,10.0,1.0,0.0,290128,124979,8,67,393,5,0,,0.0,0.0
cat-awake,114.0,kwin_wayland,1748374,0.0,0.0,0.0,227004,0,3,-1,70,2,0,,0.0,0.0
cat-awake,114.0,ksystemstats,2146857,0.0,0.0,0.0,35084,6070,2,17,11,1,0,,,
cat-awake,115.0,plasmashell,2146801,10.0,1.0,0.0,290128,124979,8,67,44,1,0,,0.0,0.0
cat-awake,115.0,kwin_wayland,1748374,10.0,1.0,0.0,227004,0,3,-1,7,0,0,,0.0,0.0
cat-awake,115.0,ksystemstats,2146857,10.0,1.0,0.0,35084,6070,2,17,9,0,0,,,
cat-awake,116.0,plasmashell,2146801,0.0,0.0,0.0,290128,124979,8,67,52,0,0,,0.0,0.0
cat-awake,116.0,kwin_wayland,1748374,0.0,0.0,0.0,227004,0,3,-1,8,0,0,,0.0,0.0
cat-awake,116.0,ksystemstats,2146857,10.0,1.0,0.0,35084,6070,2,17,11,0,0,,,
cat-awake,117.0,plasmashell,2146801,0.0,0.0,0.0,290136,124987,8,67,134,2,0,,,
cat-awake,117.0,kwin_wayland,1748374,0.0,0.0,0.0,227004,0,3,-1,23,0,0,,,
cat-awake,117.0,ksystemstats,2146857,0.0,0.0,0.0,35084,6070,2,17,12,0,0,,,
cat-awake,118.0,plasmashell,2146801,20.0,2.0,0.0,290164,125015,8,67,226,2,0,,0.0,0.0
cat-awake,118.0,kwin_wayland,1748374,0.0,0.0,0.0,227004,0,3,-1,40,0,0,,0.0,0.0
cat-awake,118.0,ksystemstats,2146857,0.0,0.0,0.0,35084,6070,2,17,13,1,0,,,
cat-awake,119.0,plasmashell,2146801,10.0,1.0,0.0,290244,125095,8,67,441,1,0,,0.0,0.0
cat-awake,119.0,kwin_wayland,1748374,0.0,0.0,0.0,227004,0,3,-1,82,0,0,,0.0,0.0
cat-awake,119.0,ksystemstats,2146857,0.0,0.0,0.0,35084,6070,2,17,9,1,0,,,
cat-awake,120.0,plasmashell,2146801,40.0,4.0,0.0,290344,125195,8,67,878,2,0,,0.0,0.0
cat-awake,120.0,kwin_wayland,1748374,20.0,2.0,0.0,227004,0,3,-1,160,1,0,,0.0,0.0
cat-awake,120.0,ksystemstats,2146857,0.0,0.0,0.0,35084,6069,2,17,16,0,0,,,
